TDSFU Daily run: Mon Oct 27 04:38:17 UTC 2025 TDSFU
TDSFU Daily run: Tue Oct 28 04:35:23 UTC 2025 TDSFU
TDSFU Daily run: Wed Oct 29 04:40:58 UTC 2025 TDSFU
TDSFU Daily run: Thu Oct 30 04:34:46 UTC 2025 TDSFU
TDSFU Daily run: Fri Oct 31 04:37:22 UTC 2025 TDSFU
TDSFU Daily run: Sat Nov  1 04:33:02 UTC 2025 TDSFU
TDSFU Daily run: Sun Nov  2 04:34:55 UTC 2025 TDSFU
TDSFU Daily run: Mon Nov  3 04:41:45 UTC 2025 TDSFU
TDSFU Daily run: Tue Nov  4 04:35:23 UTC 2025 TDSFU
TDSFU Daily run: Wed Nov  5 04:35:38 UTC 2025 TDSFU
TDSFU Daily run: Thu Nov  6 04:41:07 UTC 2025 TDSFU
TDSFU Daily run: Fri Nov  7 04:35:03 UTC 2025 TDSFU
TDSFU Daily run: Sat Nov  8 04:33:52 UTC 2025 TDSFU
TDSFU Daily run: Sun Nov  9 04:34:29 UTC 2025 TDSFU
